{"cameraMode":{"drawMode":0,"name":"Shaded","section":"Shading Mode"},"sceneLighting":true,"audioPlay":false,"sceneViewState":{"m_AlwaysRefresh":false,"showFog":true,"showSkybox":true,"showFlares":true,"showImageEffects":true,"showParticleSystems":true,"showVisualEffectGraphs":true,"m_FxEnabled":true},"in2DMode":false,"pivot":{"x":-0.156545490026474,"y":0.2666284739971161,"z":0.05702045559883118},"rotation":{"x":-0.04487878829240799,"y":0.9523758888244629,"z":-0.247049942612648,"w":-0.17300711572170258},"size":0.2979160249233246,"orthographic":false}